d8:50:e6:d5:55:e8, 10.116.99.117, einstein_0
d0:50:99:4d:9c:98, 10.116.99.118, einstein_1
d0:50:99:4d:9c:7d, 10.116.99.119, einstein_2
00:24:81:ed:97:a4, 10.116.99.120, einstein_3
d8:50:e6:d5:53:b0, 10.116.99.121, einstein_4
d0:50:99:4d:26:ff, 10.116.99.122, einstein_5
e8:39:35:32:2e:8c, 10.116.99.123, einstein_6
d0:50:99:4d:9c:7f, 10.116.99.124, einstein_7
d0:50:99:4d:9c:a6, 10.116.99.125, einstein_8
24:be:05:1d:98:54, 10.116.99.126, einstein_9
00:22:64:a6:ac:59, 10.116.99.127, einstein_10
d0:50:99:4d:9c:9a, 10.116.99.128, einstein_11
d0:50:99:4d:9c:79, 10.116.99.129, einstein_12
d0:50:99:4d:9c:96, 10.116.99.130, einstein_13
d0:50:99:4d:9c:90, 10.116.99.131, einstein_14
d0:50:99:41:a6:e8, 10.116.99.132, einstein_15
d0:50:99:4d:9c:77, 10.116.99.133, einstein_16
d0:50:99:4d:9c:80, 10.116.99.134, einstein_17
2C:41:38:ab:89:81, 10.116.99.135, einstein_18
00:24:81:92:05:df, 10.116.99.136, einstein_19
d0:50:99:4d:9c:85, 10.116.99.137, einstein_20
d0:50:99:4d:9c:a4, 10.116.99.138, einstein_21
d0:50:99:4d:95:23, 10.116.99.139, einstein_22
d0:50:99:4d:9c:99, 10.116.99.140, einstein_23
d0:50:99:41:a8:e8, 10.116.99.141, einstein_24
d0:50:99:4d:9c:a0, 10.116.99.142, einstein_25
3C:52:82:73:10:2C, 10.116.99.143, einstein_26
3c:52:82:73:2c:36, 10.116.99.144, einstein_27
3c:52:82:6b:3e:b1, 10.116.99.145, einstein_28
3c:52:82:73:d0:b6, 10.116.99.146, einstein_29
3c:52:82:73:f2:da, 10.116.99.147, einstein_30
